﻿"PMCID","TITLE","JOURNAL","DATE","DOI","URL","LICENSE"
"PMC11008366","Computational Design of Photosensitive Polymer Templates To Drive Molecular Nanofabrication","ACS Nano","2024 Mar 28","10.1021/acsnano.3c10575","https://pmc.ncbi.nlm.nih.gov/articles/PMC11008366/",""
"PMC11770045","Identification of mitophagy-related key genes and their correlation with immune cell infiltration in acute myocardial infarction via bioinformatics analysis","Frontiers in Cardiovascular Medicine","2025 Jan 13","10.3389/fcvm.2024.1501608","https://pmc.ncbi.nlm.nih.gov/articles/PMC11770045/",""
"PMC11882202","The Canadian Coalition for Seniorsâ€™ Mental Health Canadian Clinical Practice Guidelines for Assessing and Managing Behavioural and Psychological Symptoms of Dementia (BPSD)","Canadian Geriatrics Journal","2025 Mar 1","10.5770/cgj.28.820","https://pmc.ncbi.nlm.nih.gov/articles/PMC11882202/",""
"PMC11968838","Local field potential changes during euthanasia may parallel with near death experience","Scientific Reports","2025 Apr 3","10.1038/s41598-025-92723-0","https://pmc.ncbi.nlm.nih.gov/articles/PMC11968838/",""
"PMC1234567","Intravenous contrast medium aggravates the impairment of pancreatic microcirculation in necrotizing pancreatitis in the rat","Annals of Surgery","1995 Mar","10.1097/00000658-199503000-00007","https://pmc.ncbi.nlm.nih.gov/articles/PMC1234567/",""
"PMC7654321","The impact of visitor restrictions on health care-associated respiratory viral infections during the COVID-19 pandemic: Experience of a tertiary hospital in Singapore","American Journal of Infection Control","2020 Nov 10","10.1016/j.ajic.2020.11.006","https://pmc.ncbi.nlm.nih.gov/articles/PMC7654321/",""
