{
  "built_at_utc": "2025-10-01T05:12:07.1115849+00:00",
  "corpus_size": 6,
  "tags": [
    {
      "tag": "rat",
      "count": 3
    },
    {
      "tag": "gamma",
      "count": 2
    },
    {
      "tag": "anesthetized",
      "count": 1
    },
    {
      "tag": "eeg",
      "count": 1
    },
    {
      "tag": "lfp",
      "count": 1
    },
    {
      "tag": "freely-moving",
      "count": 1
    },
    {
      "tag": "co2",
      "count": 1
    },
    {
      "tag": "near-death",
      "count": 1
    }
  ],
  "insights": [
    {
      "created_at_utc": "2025-09-30T19:57:19.4411685-07:00",
      "title": "Gamma–NDE co-mention spike",
      "body": "Observing frequent co-occurrence of gamma oscillations and near-death terms in freely-moving models.",
      "tags": [
        "nde",
        "gamma",
        "freely-moving"
      ]
    },
    {
      "ts": "2025-09-30T20:47:53.131709-07:00",
      "title": "Pipeline healthy",
      "body": "End-to-end run verified after profile repair.",
      "tags": [
        "meta"
      ]
    },
    {
      "ts": "2025-09-30T21:33:56.627036-07:00",
      "title": "Gamma ↔ NDE co-mentions",
      "body": "Co-occurrence appears in euthanasia LFP dataset (freely-moving > anesthetized).",
      "tags": [
        "gamma",
        "near-death",
        "lfp"
      ]
    }
  ]
}
